{"cameraAperture": [20.954999923706055, 20.954999923706055], "cameraApertureOffset": [0.0, 0.0], "cameraFisheyeLensP": [], "cameraFisheyeLensS": [], "cameraFisheyeMaxFOV": 0.0, "cameraFisheyeNominalHeight": 0, "cameraFisheyeNominalWidth": 0, "cameraFisheyeOpticalCentre": [0.0, 0.0], "cameraFisheyePolynomial": [0.0, 0.0, 0.0, 0.0, 0.0, 0.0], "cameraFocalLength": 24.0, "cameraFocusDistance": 0.0, "cameraFStop": 0.0, "cameraModel": "pinhole", "cameraNearFar": [0.009999999776482582, 100.0], "cameraOpenCVFx": 0.0, "cameraOpenCVFy": 0.0, "cameraProjection": [2.2906228624246854, 0.0, 0.0, 0.0, 0.0, 2.2906228624246854, 0.0, 0.0, 0.0, 0.0, 0.00010000999876447873, -1.0, 0.0, 0.0, 0.010000999876447873, 0.0], "cameraViewTransform": [0.002065519255897962, 0.9995736470876752, -0.029124863571302843, 0.0, -0.9974949748627866, 1.2896308423937514e-07, -0.07073736723593539, 0.0, -0.07070720439737208, 0.02919801445007619, 0.9970696902416005, 0.0, 2.8030750652908587, -5.325431862202851, -1.4772465063284772, 1.0], "metersPerSceneUnit": 1.0, "renderProductResolution": [512, 512]}